vehicle,journey,prior_count,prior_dates,median_prior_l_per_100km,current_l_per_100km,difference_from_median_pct,start,km,fuel_l
AHMPUL0C13,250120220007,1,1,23.33333333333333,19.35483870967742,-17.050691244239612,2025-01-21T06:04:58,31.0,6.0
AHMPUL0C13,250120230010,1,1,23.214285714285715,19.642857142857142,-15.384615384615385,2025-01-21T07:34:19,28.0,5.5
AHMPUL0C13,250121010002,2,2,21.344086021505376,21.666666666666668,1.5113350125944613,2025-01-21T09:11:20,30.0,6.5
AHMPUL0C13,250310220011,3,2,21.666666666666668,21.666666666666668,0.0,2025-03-11T06:30:15,30.0,6.5
AHMPUL0C13,250311000001,2,2,21.42857142857143,18.96551724137931,-11.494252873563227,2025-03-11T08:20:04,29.0,5.5
AHMPUL0C13,250311020004,4,3,21.666666666666668,26.666666666666668,23.076923076923084,2025-03-11T10:43:44,30.0,8.0
AHMPUL0C13,250311060007,5,3,21.666666666666668,22.58064516129032,4.218362282878396,2025-03-11T14:17:44,31.0,7.0
AHMPUL0C13,250320220012,6,3,22.123655913978496,22.58064516129032,2.0656136087484622,2025-03-21T06:02:37,31.0,7.0
AHMPUL0C13,250320230014,3,3,19.642857142857142,19.642857142857142,0.0,2025-03-21T07:34:21,28.0,5.5
AHMPUL0C13,250321000002,7,4,22.58064516129032,19.35483870967742,-14.28571428571428,2025-03-21T08:53:36,31.0,6.0
AHMPUL0C13,250321030006,8,4,22.123655913978496,19.35483870967742,-12.515188335358452,2025-03-21T11:23:27,31.0,6.0
AHMPUL0C13,250321040007,4,4,19.642857142857142,21.428571428571427,9.090909090909083,2025-03-21T12:44:13,28.0,6.0
AHMPUL0C13,250330230001,9,4,21.666666666666668,22.58064516129032,4.218362282878396,2025-03-31T07:24:49,31.0,7.0
AHMPUL0C13,250520220015,10,5,22.123655913978496,20.0,-9.599027946537063,2025-05-21T06:40:10,30.0,6.0
AHMPUL0C13,250521000001,5,4,19.642857142857142,17.857142857142858,-9.090909090909083,2025-05-21T08:06:46,28.0,5.0
AHMPUL0C13,250521010002,11,6,21.666666666666668,19.35483870967742,-10.66997518610422,2025-05-21T09:16:36,31.0,6.0
AHMPUL0C13,250521030005,12,6,21.666666666666668,20.967741935483872,-3.2258064516129004,2025-05-21T11:58:11,31.0,6.5
AHMPUL0C13,250521050006,6,5,19.642857142857142,21.428571428571427,9.090909090909083,2025-05-21T13:18:08,28.0,6.0
AHMPUL0C13,250521060007,13,6,21.666666666666668,21.666666666666668,0.0,2025-05-21T14:29:19,30.0,6.5
AHMPUL0C13,250521070008,7,5,19.642857142857142,18.96551724137931,-3.4482758620689613,2025-05-21T15:56:20,29.0,5.5
AHMPUL0C13,250701010002,14,6,21.666666666666668,20.0,-7.692307692307699,2025-07-01T09:24:46,30.0,6.0
AHMPUL0C13,250701040006,15,7,21.666666666666668,22.58064516129032,4.218362282878396,2025-07-01T12:10:18,31.0,7.0
AHMPUL0C13,250701050007,8,5,19.642857142857142,17.857142857142858,-9.090909090909083,2025-07-01T13:58:49,28.0,5.0
AHMPUL0C13,250710210010,16,7,21.666666666666668,20.0,-7.692307692307699,2025-07-11T05:57:31,30.0,6.0
AHMPUL0C13,250710230012,9,6,19.642857142857142,18.96551724137931,-3.4482758620689613,2025-07-11T07:35:54,29.0,5.5
AHMPUL0C13,250711030005,17,8,21.666666666666668,20.967741935483872,-3.2258064516129004,2025-07-11T11:11:21,31.0,6.5
AHMPUL0C13,250711050006,10,7,19.304187192118228,19.642857142857142,1.754385964912264,2025-07-11T13:00:53,28.0,5.5
AHMPUL0C13,250711060008,9,7,21.666666666666668,19.444444444444446,-10.256410256410254,2025-07-11T14:44:08,36.0,7.0
AHMPUL0C13,250720210001,18,8,21.31720430107527,20.0,-6.179066834804548,2025-07-21T05:57:24,30.0,6.0
AHMPUL0C13,250720230003,11,7,19.642857142857142,17.24137931034483,-12.225705329153591,2025-07-21T07:34:50,29.0,5.0
AHMPUL0C13,250721010002,20,9,20.967741935483872,20.0,-4.615384615384621,2025-07-21T09:14:47,30.0,6.0
AHMPUL0C13,250721050007,20,9,20.967741935483872,20.0,-4.615384615384621,2025-07-21T13:08:37,30.0,6.0
AHMPUL0C13,250721060008,12,8,19.304187192118228,19.642857142857142,1.754385964912264,2025-07-21T14:55:05,28.0,5.5
AHMPUL0C13,250730220015,21,9,20.967741935483872,21.666666666666668,3.3333333333333437,2025-07-31T06:32:13,30.0,6.5
AHMPUL0C13,250730230016,13,8,19.642857142857142,21.428571428571427,9.090909090909083,2025-07-31T07:36:50,28.0,6.0
AHMPUL0C13,250731030006,14,9,19.642857142857142,17.857142857142858,-9.090909090909083,2025-07-31T11:41:45,28.0,5.0
AHMPUL0C13,250731050008,23,10,20.967741935483872,19.35483870967742,-7.692307692307699,2025-07-31T13:16:52,31.0,6.0
AHMPUL0C13,250731080011,15,9,19.642857142857142,20.6896551724138,5.329153605015713,2025-07-31T16:08:01,29.0,6.0
AHMPUL0C13,250831230002,1,1,18.33333333333333,19.23076923076924,4.895104895104985,2025-09-01T07:33:03,91.0,17.5
AHMPUL0C13,250901020004,24,10,20.483870967741936,24.193548387096776,18.11023622047245,2025-09-01T10:30:09,31.0,7.5
AHMPUL0C13,250901060008,16,9,19.642857142857142,17.24137931034483,-12.225705329153591,2025-09-01T14:31:59,29.0,5.0
AHMPUL0C13,250910220010,24,11,20.967741935483872,20.967741935483872,0.0,2025-09-11T06:04:49,31.0,6.5
AHMPUL0C13,250910230011,17,10,19.642857142857142,17.857142857142858,-9.090909090909083,2025-09-11T07:52:22,28.0,5.0
AHMPUL0C13,250911030004,18,11,19.304187192118228,19.642857142857142,1.754385964912264,2025-09-11T11:21:38,28.0,5.5
AHMPUL0C13,250911040005,25,12,20.967741935483872,20.967741935483872,0.0,2025-09-11T12:59:28,31.0,6.5
AHMPUL0C13,250911060006,19,11,19.642857142857142,19.642857142857142,0.0,2025-09-11T14:26:08,28.0,5.5
AHMPUL0C13,250929220006,27,12,20.967741935483872,24.193548387096776,15.384615384615397,2025-09-30T06:36:49,31.0,7.5
AHMPUL0C13,250930010002,20,11,19.642857142857142,21.428571428571427,9.090909090909083,2025-09-30T09:35:02,28.0,6.0
AHMPUL0C13,250930030003,28,13,20.967741935483872,20.967741935483872,0.0,2025-09-30T11:45:29,31.0,6.5
AHMPUL0C13,250930050004,21,12,19.642857142857142,17.857142857142858,-9.090909090909083,2025-09-30T13:36:37,28.0,5.0
AHMPUL0C13,251031220008,29,13,20.967741935483872,19.35483870967742,-7.692307692307699,2025-11-01T06:33:33,31.0,6.0
AHMPUL0C13,251101000001,22,12,19.642857142857142,17.857142857142858,-9.090909090909083,2025-11-01T08:09:41,28.0,5.0
AHMPUL0C13,251101010003,29,14,20.967741935483872,24.193548387096776,15.384615384615397,2025-11-01T09:27:01,31.0,7.5
AHMPUL0C13,251110220012,30,14,20.967741935483872,20.0,-4.615384615384621,2025-11-11T06:04:56,30.0,6.0
AHMPUL0C13,251110230014,23,13,19.642857142857142,17.857142857142858,-9.090909090909083,2025-11-11T07:35:38,28.0,5.0
AHMPUL0C13,251111000001,32,15,20.967741935483872,20.967741935483872,0.0,2025-11-11T08:54:56,31.0,6.5
AHMPUL0C13,251111030004,33,15,20.967741935483872,19.35483870967742,-7.692307692307699,2025-11-11T11:22:12,31.0,6.0
AHMPUL0C13,251111040005,24,14,19.304187192118228,17.857142857142858,-7.496012759170656,2025-11-11T12:25:59,28.0,5.0
AHMPUL0C13,251120220014,34,15,20.967741935483872,20.967741935483872,0.0,2025-11-21T06:34:00,31.0,6.5
AHMPUL0C13,251121010003,1,1,19.23076923076924,21.15384615384616,9.999999999999986,2025-11-21T09:47:54,26.0,5.5
AHMPUL0C13,251121050006,25,14,18.96551724137931,17.24137931034483,-9.090909090909083,2025-11-21T13:24:10,29.0,5.0
AHMPUL0C13,251121060007,34,16,20.967741935483872,24.193548387096776,15.384615384615397,2025-11-21T14:39:54,31.0,7.5
AHMPUL0C13,251121100009,26,15,18.96551724137931,19.642857142857142,3.571428571428581,2025-11-21T18:06:30,28.0,5.5
B4TLK0X42N,250921080001,1,1,25.925925925925924,26.785714285714285,3.316326530612246,2025-09-21T16:19:37,28.0,7.5
C1N6TWBTVB,250731030003,1,1,30.0751879699244,29.739776951673264,-1.115241635685038,2025-07-31T11:31:30,26.89999999999964,8.0
C1N6TWBTVB,250731080006,1,1,23.214285714285715,22.807017543859647,-1.7543859649122973,2025-07-31T16:55:27,28.5,6.5
DLM28P1JMF,250310170003,1,1,18.181818181818183,20.0,9.999999999999986,2025-03-11T01:56:04,45.0,9.0
DLM28P1JMF,250320170004,2,2,19.090909090909093,18.6046511627907,-2.5470653377630215,2025-03-21T01:46:26,43.0,8.0
DLM28P1JMF,250320220009,2,2,18.826135105204873,15.853658536585366,-15.789096126255387,2025-03-21T06:23:08,41.0,6.5
DLM28P1JMF,250331060001,3,3,18.6046511627907,16.666666666666664,-10.416666666666686,2025-03-31T14:51:48,42.0,7.0
DLM28P1JMF,250501070001,4,4,17.63565891472868,20.73170731707317,17.55561511659074,2025-05-01T15:07:05,41.0,8.5
DLM28P1JMF,250511130001,5,5,18.6046511627907,15.853658536585366,-14.786585365853666,2025-05-11T21:46:01,41.0,6.5
DLM28P1JMF,250520170003,1,1,17.5,21.25,21.42857142857142,2025-05-21T01:21:18,40.0,8.5
DLM28P1JMF,250521060001,6,6,17.63565891472868,19.51219512195122,10.640578933261867,2025-05-21T14:58:32,41.0,8.0
DLM28P1JMF,250521100002,1,1,23.07692307692308,21.428571428571427,-7.142857142857162,2025-05-21T18:10:11,77.0,16.5
DLM28P1JMF,250630170005,1,1,21.25,23.25581395348837,9.439124487004102,2025-07-01T01:33:18,43.0,10.0
DLM28P1JMF,250701070001,7,7,18.6046511627907,21.428571428571427,15.17857142857142,2025-07-01T15:09:32,42.0,9.0
DLM28P1JMF,250701100002,2,2,22.252747252747255,23.684210526315788,6.432748538011679,2025-07-01T18:38:13,76.0,18.0
DLM28P1JMF,250710160003,1,1,22.22222222222222,22.727272727272727,2.2727272727272707,2025-07-11T00:44:34,44.0,10.0
DLM28P1JMF,250711070001,8,8,18.826135105204873,20.23809523809524,7.500000000000018,2025-07-11T15:14:22,42.0,8.5
DLM28P1JMF,250720180002,2,2,22.474747474747474,23.0,2.337078651685398,2025-07-21T02:27:25,50.0,11.5
DLM28P1JMF,250721090007,3,3,23.07692307692308,21.7948717948718,-5.5555555555555465,2025-07-21T17:49:56,78.0,17.0
DLM28P1JMF,250730160003,3,3,22.727272727272727,20.454545454545457,-9.999999999999986,2025-07-31T00:52:40,44.0,9.0
DLM28P1JMF,250731070001,9,9,19.047619047619047,20.23809523809524,6.250000000000022,2025-07-31T15:12:48,42.0,8.5
DLM28P1JMF,250731100003,4,4,22.435897435897438,22.36842105263158,-0.300751879699257,2025-07-31T18:20:09,76.0,17.0
DLM28P1JMF,250831170002,2,2,19.375,18.421052631578945,-4.9235993208828654,2025-09-01T01:47:08,38.0,7.0
DLM28P1JMF,250901060001,10,10,19.279907084785133,17.857142857142858,-7.379518072289148,2025-09-01T14:29:40,42.0,7.5
DLM28P1JMF,250910160004,1,1,18.181818181818183,18.181818181818183,0.0,2025-09-11T00:29:34,33.0,6.0
DLM28P1JMF,250911060001,11,11,19.047619047619047,19.047619047619047,0.0,2025-09-11T14:31:40,42.0,8.0
DLM28P1JMF,250929190004,4,4,22.474747474747474,26.0,15.685393258426972,2025-09-30T03:23:40,50.0,13.0
DLM28P1JMF,250930070001,12,12,19.047619047619047,20.23809523809524,6.250000000000022,2025-09-30T15:04:19,42.0,8.5
DLM28P1JMF,250930100003,5,5,22.36842105263158,21.052631578947366,-5.882352941176483,2025-09-30T18:20:37,76.0,16.0
DLM28P1JMF,251031160003,5,5,22.727272727272727,25.0,10.000000000000009,2025-11-01T00:08:58,52.0,13.0
DLM28P1JMF,251101060001,13,13,19.047619047619047,19.047619047619047,0.0,2025-11-01T14:57:05,42.0,8.0
DLM28P1JMF,251110160003,2,2,18.181818181818183,21.21212121212121,16.66666666666665,2025-11-11T00:57:37,33.0,7.0
DLM28P1JMF,251110170004,1,1,36.11111111111111,38.88888888888889,7.692307692307709,2025-11-11T01:50:52,18.0,7.0
DLM28P1JMF,251111070001,14,14,19.047619047619047,16.666666666666664,-12.50000000000001,2025-11-11T15:08:51,42.0,7.0
DLM28P1JMF,251111100002,6,6,22.08164642375169,22.0,-0.3697478991596781,2025-11-11T18:02:50,75.0,16.5
DLM28P1JMF,251120160003,6,6,22.863636363636363,24.509803921568626,7.199937629127184,2025-11-21T00:22:42,51.0,12.5
DLM28P1JMF,251121060001,15,15,19.047619047619047,16.666666666666664,-12.50000000000001,2025-11-21T14:59:16,42.0,7.0
DLM28P1JMF,251121100002,7,7,22.0,22.36842105263158,1.674641148325362,2025-11-21T18:56:55,76.0,17.0
DLM28P1JMF,251129180004,3,3,18.181818181818183,17.1875,-5.468750000000011,2025-11-30T02:10:50,32.0,5.5
DLM28P1JMF,251130130001,15,15,19.047619047619047,20.454545454545457,7.3863636363636465,2025-11-30T21:56:32,44.0,9.0
HTLT0PUOFI,250331050006,1,1,20.27027027027027,20.833333333333336,2.77777777777779,2025-03-31T13:16:46,36.0,7.5
HTLT0PUOFI,250701070008,1,1,20.40816326530612,18.0,-11.799999999999988,2025-07-01T15:20:59,50.0,9.0
HTLT0PUOFI,250731060005,1,1,20.0,22.916666666666664,14.583333333333325,2025-07-31T14:01:43,24.0,5.5
HTLT0PUOFI,250901040007,1,1,24.545454545454547,24.03846153846154,-2.065527065527062,2025-09-01T12:23:33,52.0,12.5
HTLT0PUOFI,250911060003,2,2,19.204081632653057,17.0,-11.477151965993604,2025-09-11T14:58:12,50.0,8.5
HTLT0PUOFI,250920200001,1,1,17.857142857142858,22.321428571428573,25.0,2025-09-21T04:55:15,56.0,12.5
HTLT0PUOFI,251110230008,1,1,17.073170731707318,17.073170731707318,0.0,2025-11-11T07:44:23,41.0,7.0
M78YOZ58I2,250521040001,1,1,14.432989690721648,15.23809523809524,5.578231292517044,2025-05-21T12:41:31,52.5,8.0
SGQ5MOWUGY,250311010002,1,1,14.285714285714285,12.027491408934932,-15.807560137455468,2025-03-11T09:50:49,58.19999999999891,7.0
SGQ5MOWUGY,250930020002,1,1,11.839708561020506,13.3689839572196,12.916495269434902,2025-09-30T10:11:50,56.09999999999855,7.5
V9R0Z0ZLT0,250731080004,1,1,37.096774193548384,40.32258064516129,8.695652173913038,2025-07-31T16:29:11,31.0,12.5
V9R0Z0ZLT0,250901070003,1,1,36.66666666666666,42.85714285714285,16.883116883116877,2025-09-01T15:50:41,14.0,6.0
V9R0Z0ZLT0,250930030002,2,1,38.70967741935483,29.03225806451613,-24.99999999999998,2025-09-30T11:34:10,31.0,9.0
V9R0Z0ZLT0,250930040003,1,1,32.89473684210527,30.303030303030305,-7.878787878787885,2025-09-30T12:08:55,33.0,10.0
XYK9DYX172,250731020003,1,1,16.129032258064516,15.508021390374331,-3.85026737967914,2025-07-31T10:43:06,93.5,14.5
XYK9DYX172,250910230007,1,1,15.75203252032497,16.633064516128908,5.593132154007008,2025-09-11T07:33:34,99.20000000000071,16.5
XYK9DYX172,250911020003,1,1,16.129032258064516,15.491452991453231,-3.9529914529899624,2025-09-11T10:31:47,93.59999999999854,14.5
YP6LR2GGM2,251101100004,1,1,37.16216216216216,26.47058823529412,-28.770053475935818,2025-11-01T18:19:57,68.0,18.0
ZNUKGJO57M,250130230002,1,1,24.07407407407408,33.92857142857143,40.9340659340659,2025-01-31T07:38:22,28.0,9.5
ZNUKGJO57M,250911030001,1,1,31.85483870967742,30.95238095238096,-2.8330319469559773,2025-09-11T11:02:08,126.0,39.0
ZNUKGJO57M,251111050001,1,1,25.0,26.36986301369863,5.47945205479452,2025-11-11T13:33:38,146.0,38.5
