trip_id,route_group_id,vehicle_id,distance_km,duration_min,fuel_l,l_per_100km,idle_minutes,idle_ratio,high_rpm_minutes,high_rpm_ratio,high_rpm_low_speed_minutes,rapid_accel_count,rapid_decel_count,stop_go_count,speed_std,fuel_deviation_pct,time_deviation_pct,group_trip_count,direct_pair_density,group_quality,valid_duration_min,idle_coverage_ratio,rpm_coverage_ratio,speed_coverage_ratio,rpm_speed_joint_coverage_ratio,invalid_interval_count,long_gap_count
250111000001,AHMPUL0C13-R001,AHMPUL0C13,30.0,56.3,7.0,23.333333333333332,12.783333333333333,0.2270574304322084,6.95,0.12344582593250444,0.0,0,0,6,38.90742397060734,7.692307692307687,23.55523043160206,36,0.973015873015873,chain_connected,56.3,1.0,1.0,1.0,1.0,0,0
250120220007,AHMPUL0C13-R001,AHMPUL0C13,31.0,38.36666666666667,6.0,19.35483870967742,0.0,0.0,7.516666666666667,0.19591659426585578,1.0333333333333334,0,0,5,37.10448227033581,-7.692307692307687,-15.801024140453535,36,0.973015873015873,chain_connected,38.36666666666667,1.0,1.0,1.0,1.0,0,0
250121010002,AHMPUL0C13-R001,AHMPUL0C13,30.0,44.96666666666667,6.5,21.666666666666668,0.0,0.0,8.183333333333334,0.18198665678280207,0.08333333333333333,0,1,8,39.33438785493949,0.0,-1.3167520117044473,36,0.973015873015873,chain_connected,44.96666666666667,1.0,1.0,1.0,1.0,0,0
250310220011,AHMPUL0C13-R001,AHMPUL0C13,30.0,40.7,6.5,21.666666666666668,0.0,0.0,8.566666666666666,0.21048321048321048,1.0833333333333333,0,1,6,36.87743964663898,0.0,-10.68032187271396,36,0.973015873015873,chain_connected,40.7,1.0,1.0,1.0,1.0,0,0
250311020004,AHMPUL0C13-R001,AHMPUL0C13,30.0,54.53333333333333,8.0,26.666666666666668,7.983333333333333,0.14639364303178484,8.633333333333333,0.15831295843520782,0.4,0,2,8,37.15188620425287,23.076923076923084,19.678127286027802,36,0.973015873015873,chain_connected,54.53333333333333,1.0,1.0,1.0,1.0,0,0
250311060007,AHMPUL0C13-R001,AHMPUL0C13,31.0,40.81666666666667,7.0,22.58064516129032,0.0,0.0,8.3,0.20334830543078808,0.9,0,0,7,36.831447891653575,7.692307692307687,-10.424286759326984,36,0.973015873015873,chain_connected,40.81666666666667,1.0,1.0,1.0,1.0,0,0
250320220012,AHMPUL0C13-R001,AHMPUL0C13,31.0,36.5,7.0,22.58064516129032,0.0,0.0,7.166666666666667,0.1963470319634703,1.3333333333333333,0,1,7,35.36683602806649,7.692307692307687,-19.8975859546452,36,0.973015873015873,chain_connected,36.5,1.0,1.0,1.0,1.0,0,0
250321000002,AHMPUL0C13-R001,AHMPUL0C13,31.0,37.88333333333333,6.0,19.35483870967742,0.0,0.0,6.05,0.15970083589969203,0.03333333333333333,0,0,4,35.12183174854766,-7.692307692307687,-16.86174103877103,36,0.973015873015873,chain_connected,37.88333333333333,1.0,1.0,1.0,1.0,0,0
250321030006,AHMPUL0C13-R001,AHMPUL0C13,31.0,55.15,6.0,19.35483870967742,9.3,0.1686310063463282,6.8,0.12330009066183137,0.7833333333333333,0,0,9,36.89485083225277,-7.692307692307687,21.031455742501826,36,0.973015873015873,chain_connected,55.15,1.0,1.0,1.0,1.0,0,0
250330230001,AHMPUL0C13-R001,AHMPUL0C13,31.0,47.78333333333333,7.0,22.58064516129032,0.0,0.0,6.833333333333333,0.1430066271363795,0.21666666666666667,0,1,7,37.590197740865676,7.692307692307687,4.864667154352609,36,0.973015873015873,chain_connected,47.78333333333333,1.0,1.0,1.0,1.0,0,0
250520220015,AHMPUL0C13-R001,AHMPUL0C13,30.0,46.083333333333336,6.0,20.0,0.0,0.0,6.1,0.13236889692585896,0.25,0,0,9,35.69642531869189,-7.692307692307687,1.133869787856634,36,0.973015873015873,chain_connected,46.083333333333336,1.0,1.0,1.0,1.0,0,0
250521010002,AHMPUL0C13-R001,AHMPUL0C13,31.0,45.05,6.0,19.35483870967742,0.0,0.0,5.866666666666666,0.13022567517573067,0.31666666666666665,0,0,8,36.735312258299594,-7.692307692307687,-1.1338697878566228,36,0.973015873015873,chain_connected,45.05,1.0,1.0,1.0,1.0,0,0
250521030005,AHMPUL0C13-R001,AHMPUL0C13,31.0,54.11666666666667,6.5,20.967741935483872,9.333333333333334,0.17246689251616878,6.683333333333334,0.12349861410532799,0.43333333333333335,0,1,9,37.53895456559539,0.0,18.7637161667886,36,0.973015873015873,chain_connected,54.11666666666667,1.0,1.0,1.0,1.0,0,0
250521060007,AHMPUL0C13-R001,AHMPUL0C13,30.0,56.233333333333334,6.5,21.666666666666668,12.183333333333334,0.2166567871962063,4.883333333333334,0.08684054534676941,0.25,0,1,10,35.751803871094445,0.0,23.408924652523776,36,0.973015873015873,chain_connected,56.233333333333334,1.0,1.0,1.0,1.0,0,0
250701010002,AHMPUL0C13-R001,AHMPUL0C13,30.0,43.7,6.0,20.0,0.0,0.0,6.966666666666667,0.15942028985507245,0.6333333333333333,0,1,9,37.053649442368275,-7.692307692307687,-4.096561814191646,36,0.973015873015873,chain_connected,43.7,1.0,1.0,1.0,1.0,0,0
250701040006,AHMPUL0C13-R001,AHMPUL0C13,31.0,80.33333333333333,7.0,22.58064516129032,39.95,0.49730290456431536,6.333333333333333,0.07883817427385892,0.16666666666666666,0,1,4,33.94838011827281,7.692307692307687,76.29846378931968,36,0.973015873015873,chain_connected,80.33333333333333,1.0,1.0,1.0,1.0,0,0
250710210010,AHMPUL0C13-R001,AHMPUL0C13,30.0,34.36666666666667,6.0,20.0,0.0,0.0,8.2,0.23860329776915615,0.0,0,0,5,35.465963219419535,-7.692307692307687,-24.579370885149952,36,0.973015873015873,chain_connected,34.36666666666667,1.0,1.0,1.0,1.0,0,0
250711030005,AHMPUL0C13-R001,AHMPUL0C13,31.0,63.53333333333333,6.5,20.967741935483872,20.033333333333335,0.31532004197271774,6.316666666666666,0.09942287513116474,0.7166666666666667,0,1,7,36.12220215726581,0.0,39.429407461594735,36,0.973015873015873,chain_connected,63.53333333333333,1.0,1.0,1.0,1.0,0,0
250711060008,AHMPUL0C13-R001,AHMPUL0C13,36.0,84.6,7.0,19.444444444444446,23.316666666666666,0.2756107171000788,4.833333333333333,0.05713159968479117,0.0,0,0,13,31.632747409870728,7.692307692307687,85.66203365032918,36,0.973015873015873,chain_connected,84.6,1.0,1.0,1.0,1.0,0,0
250720210001,AHMPUL0C13-R001,AHMPUL0C13,30.0,36.71666666666667,6.0,20.0,0.0,0.0,8.116666666666667,0.22106218792555607,0.0,0,0,5,36.33126062086515,-7.692307692307687,-19.422092172640802,36,0.973015873015873,chain_connected,36.71666666666667,1.0,1.0,1.0,1.0,0,0
250721010002,AHMPUL0C13-R001,AHMPUL0C13,30.0,41.05,6.0,20.0,0.0,0.0,5.533333333333333,0.13479496548924078,0.0,1,0,10,36.862683003586305,-7.692307692307687,-9.912216532553032,36,0.973015873015873,chain_connected,41.05,1.0,1.0,1.0,1.0,0,0
250721050007,AHMPUL0C13-R001,AHMPUL0C13,30.0,41.93333333333333,6.0,20.0,0.0,0.0,3.183333333333333,0.0759141494435612,0.0,0,0,6,35.18976580268341,-7.692307692307687,-7.973664959765914,36,0.973015873015873,chain_connected,41.93333333333333,1.0,1.0,1.0,1.0,0,0
250730220015,AHMPUL0C13-R001,AHMPUL0C13,30.0,39.3,6.5,21.666666666666668,0.0,0.0,8.05,0.20483460559796438,0.0,0,1,6,37.83674538510355,0.0,-13.752743233357712,36,0.973015873015873,chain_connected,39.3,1.0,1.0,1.0,1.0,0,0
250731050008,AHMPUL0C13-R001,AHMPUL0C13,31.0,40.55,6.0,19.35483870967742,2.1,0.051787916152897656,7.75,0.19112207151664612,0.0,0,1,5,37.45980526049336,-7.692307692307687,-11.009509875640088,36,0.973015873015873,chain_connected,40.55,1.0,1.0,1.0,1.0,0,0
250901020004,AHMPUL0C13-R001,AHMPUL0C13,31.0,123.01666666666667,7.5,24.193548387096776,74.1,0.6023574041457797,7.5,0.060967348597750985,0.0,0,1,12,29.75280752112442,15.384615384615374,169.97073884418435,36,0.973015873015873,chain_connected,123.01666666666667,1.0,1.0,1.0,1.0,0,0
250910220010,AHMPUL0C13-R001,AHMPUL0C13,31.0,57.016666666666666,6.5,20.967741935483872,14.616666666666667,0.256357790119848,8.733333333333333,0.15317158725518853,0.0,0,1,10,37.06403579225265,0.0,25.128017556693493,36,0.973015873015873,chain_connected,57.016666666666666,1.0,1.0,1.0,1.0,0,0
250911040005,AHMPUL0C13-R001,AHMPUL0C13,31.0,62.43333333333333,6.5,20.967741935483872,17.416666666666668,0.2789642285104111,7.083333333333333,0.11345435130806193,0.0,0,1,7,35.94279752040846,0.0,37.01536210680323,36,0.973015873015873,chain_connected,62.43333333333333,1.0,1.0,1.0,1.0,0,0
250929220006,AHMPUL0C13-R001,AHMPUL0C13,31.0,114.25,7.5,24.193548387096776,67.48333333333333,0.5906637490882567,8.0,0.0700218818380744,0.0,0,0,10,30.525348343840307,15.384615384615374,150.7315288953914,36,0.973015873015873,chain_connected,114.25,1.0,1.0,1.0,1.0,0,0
250930030003,AHMPUL0C13-R001,AHMPUL0C13,31.0,73.65,6.5,20.967741935483872,27.666666666666668,0.37565059968318626,8.183333333333334,0.1111111111111111,0.0,0,2,9,34.57595085837327,0.0,61.63130943672277,36,0.973015873015873,chain_connected,73.65,1.0,1.0,1.0,1.0,0,0
251031220008,AHMPUL0C13-R001,AHMPUL0C13,31.0,39.06666666666667,6.0,19.35483870967742,0.0,0.0,6.233333333333333,0.15955631399317405,0.0,0,0,7,35.26690324133539,-7.692307692307687,-14.264813460131665,36,0.973015873015873,chain_connected,39.06666666666667,1.0,1.0,1.0,1.0,0,0
251101010003,AHMPUL0C13-R001,AHMPUL0C13,31.0,60.96666666666667,7.5,24.193548387096776,19.283333333333335,0.3162930563149262,7.8,0.12793876435210497,0.0,0,0,8,37.88931565540167,15.384615384615374,33.796634967081204,36,0.973015873015873,chain_connected,60.96666666666667,1.0,1.0,1.0,1.0,0,0
251110220012,AHMPUL0C13-R001,AHMPUL0C13,30.0,34.916666666666664,6.0,20.0,0.0,0.0,9.116666666666667,0.2610978520286396,0.0,0,1,5,36.86561046791198,-7.692307692307687,-23.3723482077542,36,0.973015873015873,chain_connected,34.916666666666664,1.0,1.0,1.0,1.0,0,0
251111000001,AHMPUL0C13-R001,AHMPUL0C13,31.0,41.21666666666667,6.5,20.967741935483872,0.0,0.0,6.866666666666666,0.1665992721391023,0.0,0,0,8,39.15715028571754,0.0,-9.546452084857338,36,0.973015873015873,chain_connected,41.21666666666667,1.0,1.0,1.0,1.0,0,0
251111030004,AHMPUL0C13-R001,AHMPUL0C13,31.0,38.43333333333333,6.0,19.35483870967742,0.0,0.0,7.866666666666666,0.204683434518647,0.0,0,1,6,36.77252679249652,-7.692307692307687,-15.654718361375275,36,0.973015873015873,chain_connected,38.43333333333333,1.0,1.0,1.0,1.0,0,0
251120220014,AHMPUL0C13-R001,AHMPUL0C13,31.0,70.28333333333333,6.5,20.967741935483872,26.833333333333332,0.3817880009485416,8.25,0.11738202513635286,0.0,0,0,9,35.24885491746232,0.0,54.24286759326995,36,0.973015873015873,chain_connected,70.28333333333333,1.0,1.0,1.0,1.0,0,0
251121060007,AHMPUL0C13-R001,AHMPUL0C13,31.0,109.05,7.5,24.193548387096776,64.85,0.5946813388353966,6.816666666666666,0.06250955219318355,0.0,0,0,5,31.216999904403796,15.384615384615374,139.31967812728604,36,0.973015873015873,chain_connected,109.05,1.0,1.0,1.0,1.0,0,0
250111020002,AHMPUL0C13-R002,AHMPUL0C13,28.0,40.13333333333333,6.5,23.214285714285715,0.0,0.0,8.533333333333333,0.21262458471760798,0.5166666666666667,0,3,8,39.676767823879004,18.181818181818187,1.775147928994092,27,1.0,complete_pair,40.13333333333333,1.0,1.0,1.0,1.0,0,0
250120230010,AHMPUL0C13-R002,AHMPUL0C13,28.0,48.25,5.5,19.642857142857142,3.933333333333333,0.08151986183074265,6.15,0.12746113989637306,0.08333333333333333,1,0,8,38.26152062833344,0.0,22.35841081994929,27,1.0,complete_pair,48.25,1.0,1.0,1.0,1.0,0,0
250311000001,AHMPUL0C13-R002,AHMPUL0C13,29.0,37.766666666666666,5.5,18.96551724137931,0.0,0.0,7.316666666666666,0.19373345101500442,0.18333333333333332,0,1,9,37.7319473107385,0.0,-4.226542688081148,27,1.0,complete_pair,37.766666666666666,1.0,1.0,1.0,1.0,0,0
250320230014,AHMPUL0C13-R002,AHMPUL0C13,28.0,32.016666666666666,5.5,19.642857142857142,0.0,0.0,5.85,0.18271733472149923,0.08333333333333333,0,2,7,36.68592242532238,0.0,-18.80811496196111,27,1.0,complete_pair,32.016666666666666,1.0,1.0,1.0,1.0,0,0
250321040007,AHMPUL0C13-R002,AHMPUL0C13,28.0,39.2,6.0,21.428571428571427,0.0,0.0,8.666666666666666,0.22108843537414966,0.55,0,2,9,39.122971786591044,9.090909090909083,-0.5917159763313418,27,1.0,complete_pair,39.2,1.0,1.0,1.0,1.0,0,0
250521000001,AHMPUL0C13-R002,AHMPUL0C13,28.0,35.266666666666666,5.0,17.857142857142858,0.0,0.0,2.3833333333333333,0.06758034026465029,0.31666666666666665,0,1,7,33.79959178006949,-9.090909090909093,-10.566356720202874,27,1.0,complete_pair,35.266666666666666,1.0,1.0,1.0,1.0,0,0
250521050006,AHMPUL0C13-R002,AHMPUL0C13,28.0,41.8,6.0,21.428571428571427,0.0,0.0,5.516666666666667,0.13197767145135567,0.3333333333333333,0,1,11,36.41285080741256,9.090909090909083,6.001690617075228,27,1.0,complete_pair,41.8,1.0,1.0,1.0,1.0,0,0
250521070008,AHMPUL0C13-R002,AHMPUL0C13,29.0,39.03333333333333,5.5,18.96551724137931,0.0,0.0,5.1,0.13065755764304013,0.1,0,2,10,37.71028359791418,0.0,-1.0143702451394732,27,1.0,complete_pair,39.03333333333333,1.0,1.0,1.0,1.0,0,0
250701050007,AHMPUL0C13-R002,AHMPUL0C13,28.0,39.43333333333333,5.0,17.857142857142858,0.0,0.0,3.783333333333333,0.09594251901944209,0.16666666666666666,0,2,8,36.76525541261593,-9.090909090909093,0.0,27,1.0,complete_pair,39.43333333333333,1.0,1.0,1.0,1.0,0,0
250710230012,AHMPUL0C13-R002,AHMPUL0C13,29.0,40.95,5.5,18.96551724137931,0.0,0.0,5.25,0.1282051282051282,0.0,0,1,9,37.29900106517717,0.0,3.8461538461538547,27,1.0,complete_pair,40.95,1.0,1.0,1.0,1.0,0,0
250711050006,AHMPUL0C13-R002,AHMPUL0C13,28.0,35.63333333333333,5.5,19.642857142857142,0.0,0.0,7.466666666666667,0.20954162768942938,0.5833333333333334,0,1,5,34.34644644701639,0.0,-9.636517328825011,27,1.0,complete_pair,35.63333333333333,1.0,1.0,1.0,1.0,0,0
250720230003,AHMPUL0C13-R002,AHMPUL0C13,29.0,41.71666666666667,5.0,17.24137931034483,0.0,0.0,4.516666666666667,0.1082700759089093,0.0,0,0,8,36.47166488389123,-9.090909090909093,5.79036348267119,27,1.0,complete_pair,41.71666666666667,1.0,1.0,1.0,1.0,0,0
250721060008,AHMPUL0C13-R002,AHMPUL0C13,28.0,42.733333333333334,5.5,19.642857142857142,4.25,0.09945397815912636,5.8,0.1357254290171607,0.0,1,2,8,37.10483997681631,0.0,8.368554522400684,27,1.0,complete_pair,42.733333333333334,1.0,1.0,1.0,1.0,0,0
250730230016,AHMPUL0C13-R002,AHMPUL0C13,28.0,38.45,6.0,21.428571428571427,0.0,0.0,8.233333333333333,0.2141309059384482,0.0,0,1,12,38.76092724192445,9.090909090909083,-2.493660185967861,27,1.0,complete_pair,38.45,1.0,1.0,1.0,1.0,0,0
250731030006,AHMPUL0C13-R002,AHMPUL0C13,28.0,37.85,5.0,17.857142857142858,0.0,0.0,4.483333333333333,0.11845002201673271,0.0,0,2,9,36.16029139086641,-9.090909090909093,-4.015215553677076,27,1.0,complete_pair,37.85,1.0,1.0,1.0,1.0,0,0
250731080011,AHMPUL0C13-R002,AHMPUL0C13,29.0,39.78333333333333,6.0,20.689655172413794,0.0,0.0,4.583333333333333,0.1152073732718894,0.0,0,2,8,36.8564550145235,9.090909090909083,0.8875739644970349,27,1.0,complete_pair,39.78333333333333,1.0,1.0,1.0,1.0,0,0
250901060008,AHMPUL0C13-R002,AHMPUL0C13,29.0,36.4,5.0,17.24137931034483,0.0,0.0,6.2,0.17032967032967034,0.0,0,5,6,38.9909344895254,-9.090909090909093,-7.692307692307687,27,1.0,complete_pair,36.4,1.0,1.0,1.0,1.0,0,0
250910230011,AHMPUL0C13-R002,AHMPUL0C13,28.0,37.45,5.0,17.857142857142858,1.2333333333333334,0.032932799287939477,6.966666666666667,0.1860258121940365,0.0,0,0,5,39.8503862977624,-9.090909090909093,-5.02958579881655,27,1.0,complete_pair,37.45,1.0,1.0,1.0,1.0,0,0
250911030004,AHMPUL0C13-R002,AHMPUL0C13,28.0,68.15,5.5,19.642857142857142,30.7,0.450476889214967,8.083333333333334,0.1186109073123013,0.0,0,3,6,36.36451591777917,0.0,72.82333051563823,27,1.0,complete_pair,68.15,1.0,1.0,1.0,1.0,0,0
250911060006,AHMPUL0C13-R002,AHMPUL0C13,28.0,34.55,5.5,19.642857142857142,0.0,0.0,6.65,0.19247467438494936,0.0,0,1,6,37.845687059405826,0.0,-12.383770076077772,27,1.0,complete_pair,34.55,1.0,1.0,1.0,1.0,0,0
250930010002,AHMPUL0C13-R002,AHMPUL0C13,28.0,96.45,6.0,21.428571428571427,54.4,0.5640228097459824,6.416666666666667,0.066528425781925,0.0,0,2,9,31.62156845907673,9.090909090909083,144.59002535925615,27,1.0,complete_pair,96.45,1.0,1.0,1.0,1.0,0,0
250930050004,AHMPUL0C13-R002,AHMPUL0C13,28.0,34.35,5.0,17.857142857142858,0.0,0.0,7.85,0.22852983988355166,0.0,1,1,6,36.27639094356616,-9.090909090909093,-12.890955198647491,27,1.0,complete_pair,34.35,1.0,1.0,1.0,1.0,0,0
251101000001,AHMPUL0C13-R002,AHMPUL0C13,28.0,37.65,5.0,17.857142857142858,0.0,0.0,5.966666666666667,0.15847720230190349,0.0,1,1,9,37.563945774288506,-9.090909090909093,-4.522400676246829,27,1.0,complete_pair,37.65,1.0,1.0,1.0,1.0,0,0
251110230014,AHMPUL0C13-R002,AHMPUL0C13,28.0,42.016666666666666,5.0,17.857142857142858,0.0,0.0,5.833333333333333,0.1388337961126537,0.0,0,1,9,37.912603867191976,-9.090909090909093,6.551141166525798,27,1.0,complete_pair,42.016666666666666,1.0,1.0,1.0,1.0,0,0
251111040005,AHMPUL0C13-R002,AHMPUL0C13,28.0,45.55,5.0,17.857142857142858,8.65,0.18990120746432493,7.7,0.1690450054884742,0.0,0,1,6,39.554782963457484,-9.090909090909093,15.511411665257825,27,1.0,complete_pair,45.55,1.0,1.0,1.0,1.0,0,0
251121050006,AHMPUL0C13-R002,AHMPUL0C13,29.0,41.85,5.0,17.24137931034483,1.9,0.04540023894862605,6.083333333333333,0.14536041417761847,0.0,1,2,6,38.854569695253886,-9.090909090909093,6.128486897717678,27,1.0,complete_pair,41.85,1.0,1.0,1.0,1.0,0,0
251121100009,AHMPUL0C13-R002,AHMPUL0C13,28.0,53.833333333333336,5.5,19.642857142857142,0.0,0.0,7.033333333333333,0.1306501547987616,0.0,1,4,16,35.48222559476234,0.0,36.517328825021146,27,1.0,complete_pair,53.833333333333336,1.0,1.0,1.0,1.0,0,0
250630230010,AHMPUL0C13-R003,AHMPUL0C13,90.0,71.06666666666666,16.5,18.333333333333332,0.0,0.0,45.7,0.6430581613508443,0.03333333333333333,0,2,5,35.982087496633255,-2.941176470588236,3.457479073152969,2,1.0,complete_pair,71.06666666666666,1.0,1.0,1.0,1.0,0,0
250831230002,AHMPUL0C13-R003,AHMPUL0C13,91.0,66.31666666666666,17.5,19.230769230769234,0.0,0.0,47.61666666666667,0.7180196029153053,0.0,0,0,6,34.97504244905351,2.941176470588225,-3.4574790731529803,2,1.0,complete_pair,66.31666666666666,1.0,1.0,1.0,1.0,0,0
250911010002,AHMPUL0C13-R004,AHMPUL0C13,26.0,29.466666666666665,5.0,19.230769230769234,0.0,0.0,7.333333333333333,0.248868778280543,0.0,0,0,6,39.10239087317326,-4.761904761904767,-1.9412090959511907,2,1.0,complete_pair,29.466666666666665,1.0,1.0,1.0,1.0,0,0
251121010003,AHMPUL0C13-R004,AHMPUL0C13,26.0,30.633333333333333,5.5,21.153846153846153,0.0,0.0,8.266666666666667,0.26985854189336234,0.0,0,0,6,41.99674309579858,4.761904761904767,1.9412090959511907,2,1.0,complete_pair,30.633333333333333,1.0,1.0,1.0,1.0,0,0
250731090001,B4TLK0X42N-R001,B4TLK0X42N,27.0,38.71666666666667,7.0,25.925925925925924,0.0,0.0,0.0,0.0,0.0,1,0,8,26.22318139157168,-3.4482758620689613,8.652946679139383,2,1.0,complete_pair,38.71666666666667,1.0,1.0,1.0,1.0,0,0
250921080001,B4TLK0X42N-R001,B4TLK0X42N,28.0,32.55,7.5,26.785714285714285,0.0,0.0,0.0,0.0,0.0,3,0,6,26.393673281569612,3.4482758620689724,-8.652946679139383,2,1.0,complete_pair,32.55,1.0,1.0,1.0,1.0,0,0
250701030003,C1N6TWBTVB-R001,C1N6TWBTVB,26.600000000000364,133.2,8.0,30.0751879699244,71.15,0.5341591591591591,10.816666666666666,0.08120620620620621,0.6666666666666666,0,14,13,23.63193231586741,0.0,1.2863570115962286,2,1.0,complete_pair,133.2,1.0,1.0,1.0,1.0,0,0
250731030003,C1N6TWBTVB-R001,C1N6TWBTVB,26.899999999999636,129.81666666666666,8.0,29.739776951673264,73.91666666666667,0.5693927333418924,15.233333333333333,0.11734497368083194,0.5833333333333334,2,14,15,24.78163178301309,0.0,-1.2863570115962175,2,1.0,complete_pair,129.81666666666666,1.0,1.0,1.0,1.0,0,0
250701090006,C1N6TWBTVB-R002,C1N6TWBTVB,28.0,31.4,6.5,23.214285714285715,0.0,0.0,15.85,0.5047770700636943,0.6,5,26,9,35.352113628602964,0.0,-33.72031662269129,2,1.0,complete_pair,31.4,1.0,1.0,1.0,1.0,0,0
250731080006,C1N6TWBTVB-R002,C1N6TWBTVB,28.5,63.35,6.5,22.807017543859647,17.866666666666667,0.2820310444619837,16.133333333333333,0.2546698237305972,0.0,3,27,12,33.505189388819566,0.0,33.72031662269131,2,1.0,complete_pair,63.35,1.0,1.0,1.0,1.0,0,0
250131060001,DLM28P1JMF-R001,DLM28P1JMF,42.0,85.91666666666667,8.0,19.047619047619047,1.3666666666666667,0.015906886517943745,0.0,0.0,0.0,0,0,21,27.178393113058323,0.0,7.306411323896755,17,0.9852941176470589,chain_connected,85.91666666666667,1.0,1.0,1.0,1.0,0,0
250310220008,DLM28P1JMF-R001,DLM28P1JMF,43.0,122.03333333333333,8.0,18.6046511627907,21.916666666666668,0.17959573886916144,0.0,0.0,0.0,0,0,35,24.371691150277442,0.0,52.41465445462114,17,0.9852941176470589,chain_connected,122.03333333333333,1.0,1.0,1.0,1.0,0,0
250320220009,DLM28P1JMF-R001,DLM28P1JMF,41.0,74.8,6.5,15.853658536585366,0.0,0.0,0.0,0.0,0.0,1,1,19,25.372555766401106,-18.75,-6.577851790174849,17,0.9852941176470589,chain_connected,74.8,1.0,1.0,1.0,1.0,0,0
250331060001,DLM28P1JMF-R001,DLM28P1JMF,42.0,84.3,7.0,16.666666666666664,0.0,0.0,0.0,0.0,0.0,0,0,25,26.05724568749926,-12.5,5.287260616153211,17,0.9852941176470589,chain_connected,84.3,1.0,1.0,1.0,1.0,0,0
250501070001,DLM28P1JMF-R001,DLM28P1JMF,41.0,91.55,8.5,20.73170731707317,0.0,0.0,2.1666666666666665,0.023666484616785,0.0,0,2,34,26.68032470889142,6.25,14.342214820982523,17,0.9852941176470589,chain_connected,91.55,1.0,1.0,1.0,1.0,0,0
250511130001,DLM28P1JMF-R001,DLM28P1JMF,41.0,70.03333333333333,6.5,15.853658536585366,0.0,0.0,0.08333333333333333,0.0011899095668729176,0.0,0,0,18,26.57830803361566,-18.75,-12.531223980016648,17,0.9852941176470589,chain_connected,70.03333333333333,1.0,1.0,1.0,1.0,0,0
250521060001,DLM28P1JMF-R001,DLM28P1JMF,41.0,74.13333333333334,8.0,19.51219512195122,0.0,0.0,0.3,0.0040467625899280575,0.0,0,0,22,27.32821866241514,0.0,-7.410491257285578,17,0.9852941176470589,chain_connected,74.13333333333334,1.0,1.0,1.0,1.0,0,0
250701070001,DLM28P1JMF-R001,DLM28P1JMF,42.0,110.95,9.0,21.428571428571427,35.45,0.3195132942767012,1.0833333333333333,0.009764158029142257,0.0,0,1,23,28.00224682332108,12.5,38.57202331390508,17,0.9852941176470589,chain_connected,110.95,1.0,1.0,1.0,1.0,0,0
250711070001,DLM28P1JMF-R001,DLM28P1JMF,42.0,83.7,8.5,20.238095238095237,7.383333333333334,0.08821186778176025,0.95,0.011350059737156512,0.0,0,2,23,28.40221789444889,6.25,4.537885095753547,17,0.9852941176470589,chain_connected,83.7,1.0,1.0,1.0,1.0,0,0
250731070001,DLM28P1JMF-R001,DLM28P1JMF,42.0,67.8,8.5,20.238095238095237,0.0,0.0,0.8166666666666667,0.012045231071779744,0.0,0,1,16,29.32508978687395,6.25,-15.320566194837637,17,0.9852941176470589,chain_connected,67.8,1.0,1.0,1.0,1.0,0,0
250901060001,DLM28P1JMF-R001,DLM28P1JMF,42.0,72.48333333333333,7.5,17.857142857142858,0.0,0.0,0.31666666666666665,0.004368820418487009,0.0,1,5,19,29.60638032768105,-6.25,-9.471273938384673,17,0.9852941176470589,chain_connected,72.48333333333333,1.0,1.0,1.0,1.0,0,0
250911060001,DLM28P1JMF-R001,DLM28P1JMF,42.0,70.18333333333334,8.0,19.047619047619047,0.0,0.0,5.033333333333333,0.07171693184516742,0.0,0,1,17,28.962276340685047,0.0,-12.343880099916726,17,0.9852941176470589,chain_connected,70.18333333333334,1.0,1.0,1.0,1.0,0,0
250930070001,DLM28P1JMF-R001,DLM28P1JMF,42.0,80.06666666666666,8.5,20.238095238095237,0.0,0.0,9.466666666666667,0.11823480432972523,0.0,1,2,23,30.62542341576223,6.25,0.0,17,0.9852941176470589,chain_connected,80.06666666666666,1.0,1.0,1.0,1.0,0,0
251101060001,DLM28P1JMF-R001,DLM28P1JMF,42.0,82.85,8.0,19.047619047619047,0.0,0.0,11.283333333333333,0.13618990142828405,0.0,0,3,30,30.181593083055915,0.0,3.476269775187335,17,0.9852941176470589,chain_connected,82.85,1.0,1.0,1.0,1.0,0,0
251111070001,DLM28P1JMF-R001,DLM28P1JMF,42.0,66.93333333333334,7.0,16.666666666666664,0.0,0.0,5.283333333333333,0.07893426294820717,0.0,0,2,18,29.865101271508472,-12.5,-16.402997502081597,17,0.9852941176470589,chain_connected,66.93333333333334,1.0,1.0,1.0,1.0,0,0
251121060001,DLM28P1JMF-R001,DLM28P1JMF,42.0,72.25,7.0,16.666666666666664,0.0,0.0,7.433333333333334,0.10288350634371396,0.0,0,2,17,30.259442063470296,-12.5,-9.76269775187344,17,0.9852941176470589,chain_connected,72.25,1.0,1.0,1.0,1.0,0,0
251130130001,DLM28P1JMF-R001,DLM28P1JMF,44.0,117.36666666666666,9.0,20.454545454545457,23.883333333333333,0.20349332575972734,9.583333333333334,0.08165293950582221,0.0,0,0,33,28.517772148169776,12.5,46.58617818484596,17,0.9852941176470589,chain_connected,117.36666666666666,1.0,1.0,1.0,1.0,0,0
250228170004,DLM28P1JMF-R002,DLM28P1JMF,44.0,65.06666666666666,8.0,18.181818181818183,0.0,0.0,0.0,0.0,0.0,0,1,15,26.78025817122127,0.0,-13.590084108012402,3,1.0,complete_pair,65.06666666666666,1.0,1.0,1.0,1.0,0,0
250310170003,DLM28P1JMF-R002,DLM28P1JMF,45.0,81.11666666666666,9.0,20.0,11.6,0.1430039038422026,0.0,0.0,0.0,0,0,17,27.73485680671945,12.5,7.724656927844165,3,1.0,complete_pair,81.11666666666666,1.0,1.0,1.0,1.0,0,0
250320170004,DLM28P1JMF-R002,DLM28P1JMF,43.0,75.3,8.0,18.6046511627907,6.766666666666667,0.08986277113767153,0.0,0.0,0.0,0,1,16,28.22999569271416,0.0,0.0,3,1.0,complete_pair,75.3,1.0,1.0,1.0,1.0,0,0
250330170002,DLM28P1JMF-R003,DLM28P1JMF,33.0,50.63333333333333,6.0,18.181818181818183,0.0,0.0,0.0,0.0,0.0,0,0,7,25.194716335447783,0.0,1.5374331550802145,4,1.0,complete_pair,50.63333333333333,1.0,1.0,1.0,1.0,0,0
250910160004,DLM28P1JMF-R003,DLM28P1JMF,33.0,55.81666666666667,6.0,18.181818181818183,2.9,0.05195580770379218,0.0,0.0,0.0,0,0,15,29.2570540420955,0.0,11.931818181818187,4,1.0,complete_pair,55.81666666666667,1.0,1.0,1.0,1.0,0,0
251110160003,DLM28P1JMF-R003,DLM28P1JMF,33.0,49.1,7.0,21.21212121212121,0.0,0.0,0.6333333333333333,0.012898845892735914,0.0,0,0,15,29.13791753407194,16.666666666666675,-1.5374331550802145,4,1.0,complete_pair,49.1,1.0,1.0,1.0,1.0,0,0
251129180004,DLM28P1JMF-R003,DLM28P1JMF,32.0,45.28333333333333,5.5,17.1875,0.0,0.0,0.5,0.01104158998895841,0.0,0,0,6,27.49990991387174,-8.333333333333337,-9.191176470588236,4,1.0,complete_pair,45.28333333333333,1.0,1.0,1.0,1.0,0,0
250331100002,DLM28P1JMF-R004,DLM28P1JMF,78.0,314.3666666666667,18.0,23.076923076923077,135.86666666666667,0.43219170819637365,0.0,0.0,0.0,0,0,41,24.781815688324638,5.882352941176472,7.94322994162755,8,1.0,complete_pair,314.3666666666667,1.0,1.0,1.0,1.0,0,0
250521100002,DLM28P1JMF-R004,DLM28P1JMF,77.0,292.68333333333334,16.5,21.428571428571427,128.23333333333332,0.43812994704174024,0.0,0.0,0.0,0,0,40,26.391536065967106,-2.941176470588236,0.49788256838732003,8,1.0,complete_pair,292.68333333333334,1.0,1.0,1.0,1.0,0,0
250701100002,DLM28P1JMF-R004,DLM28P1JMF,76.0,304.9,18.0,23.684210526315788,138.9,0.4555591997376189,0.48333333333333334,0.0015852191975511097,0.16666666666666666,0,1,40,26.296226134132397,5.882352941176472,4.692686276754032,8,1.0,complete_pair,304.9,1.0,1.0,1.0,1.0,0,0
250721090007,DLM28P1JMF-R004,DLM28P1JMF,78.0,309.98333333333335,17.0,21.794871794871796,138.71666666666667,0.447497177267595,0.26666666666666666,0.0008602613043712028,0.0,0,0,39,25.811104244635057,0.0,6.438136660180849,8,1.0,complete_pair,309.98333333333335,1.0,1.0,1.0,1.0,0,0
250731100003,DLM28P1JMF-R004,DLM28P1JMF,76.0,289.78333333333336,17.0,22.36842105263158,121.4,0.41893368608730663,0.65,0.0022430551561511474,0.0,1,0,41,26.68213436193352,0.0,-0.49788256838730893,8,1.0,complete_pair,289.78333333333336,1.0,1.0,1.0,1.0,0,0
250930100003,DLM28P1JMF-R004,DLM28P1JMF,76.0,263.7,16.0,21.052631578947366,107.3,0.4069017823284035,6.833333333333333,0.025913285298950827,0.0,0,0,37,27.5069448181561,-5.882352941176472,-9.454046011216677,8,1.0,complete_pair,263.7,1.0,1.0,1.0,1.0,0,0
251111100002,DLM28P1JMF-R004,DLM28P1JMF,75.0,258.68333333333334,16.5,22.0,109.96666666666667,0.42510147542039817,6.316666666666666,0.024418529733908897,0.0,0,0,40,28.38868412935493,-2.941176470588236,-11.176605242073945,8,1.0,complete_pair,258.68333333333334,1.0,1.0,1.0,1.0,0,0
251121100002,DLM28P1JMF-R004,DLM28P1JMF,76.0,262.18333333333334,17.0,22.36842105263158,104.28333333333333,0.3977496662640646,8.583333333333334,0.032737906045388086,0.0,0,1,36,28.868574736743625,0.0,-9.974819732173524,8,1.0,complete_pair,262.18333333333334,1.0,1.0,1.0,1.0,0,0
250430160003,DLM28P1JMF-R005,DLM28P1JMF,40.0,84.56666666666666,7.0,17.5,11.75,0.13894363421363815,0.0,0.0,0.0,0,0,18,25.679175993525,-9.677419354838712,0.1282683769116888,4,0.6666666666666666,chain_connected,84.56666666666666,1.0,1.0,1.0,1.0,0,0
250520170003,DLM28P1JMF-R005,DLM28P1JMF,40.0,84.35,8.5,21.25,10.483333333333333,0.12428373839162221,0.2833333333333333,0.00335901995653033,0.0,0,1,17,26.00359602692461,9.677419354838701,-0.1282683769116888,4,0.6666666666666666,chain_connected,84.35,1.0,1.0,1.0,1.0,0,0
250630170005,DLM28P1JMF-R005,DLM28P1JMF,43.0,116.58333333333333,10.0,23.25581395348837,30.016666666666666,0.25746962115796995,0.15,0.0012866333095067906,0.0,0,0,23,26.022583734652986,29.032258064516125,38.03650715342872,4,0.6666666666666666,chain_connected,116.58333333333333,1.0,1.0,1.0,1.0,0,0
250831170002,DLM28P1JMF-R005,DLM28P1JMF,38.0,56.416666666666664,7.0,18.421052631578945,0.0,0.0,0.6666666666666666,0.011816838995568686,0.0,0,0,17,27.442227564846096,-9.677419354838712,-33.20177602368032,4,0.6666666666666666,chain_connected,56.416666666666664,1.0,1.0,1.0,1.0,0,0
250510170003,DLM28P1JMF-R006,DLM28P1JMF,45.0,182.98333333333332,10.0,22.22222222222222,76.4,0.41752436469623827,0.21666666666666667,0.001184078695691775,0.0,0,0,25,22.595226549094953,-13.043478260869568,-2.5561373923848496,7,1.0,complete_pair,182.98333333333332,1.0,1.0,1.0,1.0,0,0
250710160003,DLM28P1JMF-R006,DLM28P1JMF,44.0,150.9,10.0,22.727272727272727,44.266666666666666,0.29335100508062734,0.15,0.0009940357852882703,0.0,0,0,27,24.281889832226668,-13.043478260869568,-19.641430726901564,7,1.0,complete_pair,150.9,1.0,1.0,1.0,1.0,0,0
250720180002,DLM28P1JMF-R006,DLM28P1JMF,50.0,187.78333333333333,11.5,23.0,53.63333333333333,0.2856128516907784,1.65,0.00878672228632289,0.0,0,0,39,23.82000064051016,0.0,0.0,7,1.0,complete_pair,187.78333333333333,1.0,1.0,1.0,1.0,0,0
250730160003,DLM28P1JMF-R006,DLM28P1JMF,44.0,142.86666666666667,9.0,20.454545454545457,38.86666666666667,0.27204853009799346,0.2,0.0013999066728884741,0.0,0,1,31,24.198747099456078,-21.739130434782606,-23.919410668323415,7,1.0,complete_pair,142.86666666666667,1.0,1.0,1.0,1.0,0,0
250929190004,DLM28P1JMF-R006,DLM28P1JMF,50.0,204.68333333333334,13.0,26.0,73.85,0.36080123768422767,1.8,0.008794072143962219,0.0,0,1,40,24.48824251047789,13.043478260869556,8.999733735688299,7,1.0,complete_pair,204.68333333333334,1.0,1.0,1.0,1.0,0,0
251031160003,DLM28P1JMF-R006,DLM28P1JMF,52.0,275.93333333333334,13.0,25.0,119.25,0.43216960618506883,0.4666666666666667,0.0016912297656438754,0.0,0,2,43,20.182351479836356,13.043478260869556,46.942398153900776,7,1.0,complete_pair,275.93333333333334,1.0,1.0,1.0,1.0,0,0
251120160003,DLM28P1JMF-R006,DLM28P1JMF,51.0,264.3666666666667,12.5,24.509803921568626,121.61666666666666,0.4600302610011348,0.45,0.0017021813138317992,0.0,0,2,41,20.91675508679338,8.695652173913038,40.782817076417864,7,1.0,complete_pair,264.3666666666667,1.0,1.0,1.0,1.0,0,0
250910170005,DLM28P1JMF-R007,DLM28P1JMF,18.0,213.68333333333334,6.5,36.11111111111111,108.71666666666667,0.5087746665626706,0.0,0.0,0.0,0,0,31,10.846069360938072,-3.703703703703709,-0.9004830917874407,2,1.0,complete_pair,213.68333333333334,1.0,1.0,1.0,1.0,0,0
251110170004,DLM28P1JMF-R007,DLM28P1JMF,18.0,217.56666666666666,7.0,38.88888888888889,116.18333333333334,0.5340125631990195,0.18333333333333332,0.0008426535927685,0.18333333333333332,0,0,28,11.011997087317011,3.703703703703698,0.9004830917874296,2,1.0,complete_pair,217.56666666666666,1.0,1.0,1.0,1.0,0,0
250111060006,HTLT0PUOFI-R001,HTLT0PUOFI,49.0,39.333333333333336,10.0,20.408163265306122,0.0,0.0,11.433333333333334,0.29067796610169494,0.0,1,7,1,33.417844814619734,11.111111111111116,-26.01880877742946,3,1.0,complete_pair,39.333333333333336,1.0,1.0,1.0,1.0,0,0
250701070008,HTLT0PUOFI-R001,HTLT0PUOFI,50.0,53.166666666666664,9.0,18.0,3.5833333333333335,0.06739811912225706,0.0,0.0,0.0,1,5,3,36.83163683705059,0.0,0.0,3,1.0,complete_pair,53.166666666666664,1.0,1.0,1.0,1.0,0,0
250911060003,HTLT0PUOFI-R001,HTLT0PUOFI,50.0,53.516666666666666,8.5,17.0,0.8666666666666667,0.016194331983805668,0.15,0.002802865151043289,0.0,2,8,5,36.14726314719564,-5.555555555555558,0.6583072100313503,3,1.0,complete_pair,53.516666666666666,1.0,1.0,1.0,1.0,0,0
250121060010,HTLT0PUOFI-R002,HTLT0PUOFI,55.0,80.55,13.5,24.545454545454547,27.283333333333335,0.33871301469066833,5.05,0.06269397889509622,0.0,0,11,5,40.93542849529663,3.8461538461538547,-45.678318534337414,2,1.0,complete_pair,80.55,1.0,1.0,1.0,1.0,0,0
250901040007,HTLT0PUOFI-R002,HTLT0PUOFI,52.0,216.01666666666668,12.5,24.03846153846154,152.66666666666666,0.7067355913895533,1.0,0.004629272432682663,0.0,0,9,7,30.136722069767735,-3.8461538461538436,45.678318534337436,2,1.0,complete_pair,216.01666666666668,1.0,1.0,1.0,1.0,0,0
250311060005,HTLT0PUOFI-R003,HTLT0PUOFI,37.0,40.25,7.5,20.27027027027027,0.0,0.0,0.38333333333333336,0.009523809523809525,0.0,0,10,6,34.43001570340121,0.0,-0.3712871287128716,2,1.0,complete_pair,40.25,1.0,1.0,1.0,1.0,0,0
250331050006,HTLT0PUOFI-R003,HTLT0PUOFI,36.0,40.55,7.5,20.833333333333336,0.0,0.0,1.7,0.04192355117139334,0.0,0,5,3,32.85017469168242,0.0,0.3712871287128605,2,1.0,complete_pair,40.55,1.0,1.0,1.0,1.0,0,0
250720230001,HTLT0PUOFI-R004,HTLT0PUOFI,41.0,50.35,7.0,17.073170731707318,6.05,0.12015888778550149,0.6833333333333333,0.013571665011585568,0.0,0,9,3,39.5946697668047,0.0,0.7167861310218404,2,1.0,complete_pair,50.35,1.0,1.0,1.0,1.0,0,0
251110230008,HTLT0PUOFI-R004,HTLT0PUOFI,41.0,49.63333333333333,7.0,17.073170731707318,9.6,0.19341840161182,1.5,0.03022162525184688,0.0,1,6,5,39.356032463135875,0.0,-0.7167861310218404,2,1.0,complete_pair,49.63333333333333,1.0,1.0,1.0,1.0,0,0
250721010001,HTLT0PUOFI-R005,HTLT0PUOFI,25.0,31.183333333333334,5.0,20.0,0.0,0.0,0.35,0.01122394441475147,0.0,0,9,6,35.13547612323141,-4.761904761904767,7.590569292696947,2,1.0,complete_pair,31.183333333333334,1.0,1.0,1.0,1.0,0,0
250731060005,HTLT0PUOFI-R005,HTLT0PUOFI,24.0,26.783333333333335,5.5,22.916666666666664,0.0,0.0,0.08333333333333333,0.0031113876789047915,0.0,0,9,4,31.718073024336526,4.761904761904767,-7.590569292696947,2,1.0,complete_pair,26.783333333333335,1.0,1.0,1.0,1.0,0,0
250831230001,HTLT0PUOFI-R006,HTLT0PUOFI,56.0,63.36666666666667,10.0,17.857142857142858,3.8333333333333335,0.060494476591267755,2.3833333333333333,0.03761178327196212,0.0,2,12,7,38.75920757114986,-11.111111111111116,10.571470117783921,2,1.0,complete_pair,63.36666666666667,1.0,1.0,1.0,1.0,0,0
250920200001,HTLT0PUOFI-R006,HTLT0PUOFI,56.0,51.25,12.5,22.321428571428573,0.0,0.0,8.516666666666667,0.16617886178861788,0.0,0,11,6,38.46554375810273,11.111111111111116,-10.571470117783921,2,1.0,complete_pair,51.25,1.0,1.0,1.0,1.0,0,0
250331030001,M78YOZ58I2-R001,M78YOZ58I2,48.5,42.56666666666667,7.0,14.432989690721648,0.0,0.0,22.666666666666668,0.5324980422866092,0.0,0,6,5,42.956322908895245,-6.666666666666665,-16.152330925804325,2,1.0,complete_pair,42.56666666666667,1.0,1.0,1.0,1.0,0,0
250521040001,M78YOZ58I2-R001,M78YOZ58I2,52.5,58.96666666666667,8.0,15.238095238095239,0.0,0.0,23.483333333333334,0.39824759751271904,0.0,0,16,11,44.310392851343586,6.666666666666665,16.15233092580435,2,1.0,complete_pair,58.96666666666667,1.0,1.0,1.0,1.0,0,0
250121020003,SGQ5MOWUGY-R001,SGQ5MOWUGY,59.5,69.1,8.5,14.285714285714285,0.0,0.0,26.866666666666667,0.3888084901109503,0.9666666666666667,0,1,7,27.16298728525265,9.677419354838701,5.45593285005721,2,1.0,complete_pair,69.1,1.0,1.0,1.0,1.0,0,0
250311010002,SGQ5MOWUGY-R001,SGQ5MOWUGY,58.19999999999891,61.95,7.0,12.027491408934933,0.0,0.0,22.416666666666668,0.36185095507129406,0.08333333333333333,1,0,3,27.357892376822235,-9.677419354838712,-5.455932850057232,2,1.0,complete_pair,61.95,1.0,1.0,1.0,1.0,0,0
250711010003,SGQ5MOWUGY-R002,SGQ5MOWUGY,54.89999999999782,59.3,6.5,11.839708561020506,0.0,0.0,12.933333333333334,0.2181000562113547,0.08333333333333333,0,0,7,26.43740459523052,-7.14285714285714,-5.910353034510118,2,1.0,complete_pair,59.3,1.0,1.0,1.0,1.0,0,0
250930020002,SGQ5MOWUGY-R002,SGQ5MOWUGY,56.099999999998545,66.75,7.5,13.3689839572196,0.0,0.0,10.933333333333334,0.1637952559300874,0.36666666666666664,0,0,10,26.13819372229572,7.14285714285714,5.910353034510107,2,1.0,complete_pair,66.75,1.0,1.0,1.0,1.0,0,0
250121080003,V9R0Z0ZLT0-R001,V9R0Z0ZLT0,15.0,49.11666666666667,5.5,36.666666666666664,0.0,0.0,0.0,0.0,0.0,0,10,3,22.279178842908458,-4.347826086956519,-7.704353272784214,2,1.0,complete_pair,49.11666666666667,1.0,1.0,1.0,1.0,0,0
250901070003,V9R0Z0ZLT0-R001,V9R0Z0ZLT0,14.0,57.31666666666667,6.0,42.857142857142854,21.9,0.38208781622564697,0.0,0.0,0.0,0,7,3,23.17086291674101,4.347826086956519,7.704353272784226,2,1.0,complete_pair,57.31666666666667,1.0,1.0,1.0,1.0,0,0
250731040002,V9R0Z0ZLT0-R002,V9R0Z0ZLT0,31.0,52.46666666666667,11.5,37.096774193548384,12.583333333333334,0.23983481575603557,0.0,0.0,0.0,0,10,6,41.49573374544033,0.0,0.0,3,1.0,complete_pair,52.46666666666667,1.0,1.0,1.0,1.0,0,0
250731080004,V9R0Z0ZLT0-R002,V9R0Z0ZLT0,31.0,82.81666666666666,12.5,40.32258064516129,38.416666666666664,0.46387603139464684,0.2,0.002414972831555645,0.0,0,16,6,35.205775461307766,8.695652173913038,57.846251588310025,3,1.0,complete_pair,82.81666666666666,1.0,1.0,1.0,1.0,0,0
250930030002,V9R0Z0ZLT0-R002,V9R0Z0ZLT0,31.0,31.916666666666668,9.0,29.03225806451613,0.0,0.0,0.38333333333333336,0.012010443864229765,0.0,1,11,7,38.55351096248314,-21.739130434782606,-39.16772554002541,3,1.0,complete_pair,31.916666666666668,1.0,1.0,1.0,1.0,0,0
250731050003,V9R0Z0ZLT0-R003,V9R0Z0ZLT0,38.0,83.4,12.5,32.89473684210527,29.383333333333333,0.3523181454836131,0.6666666666666666,0.007993605115907274,0.08333333333333333,1,20,9,36.95741811287425,11.111111111111116,4.675243175400046,2,1.0,complete_pair,83.4,1.0,1.0,1.0,1.0,0,0
250930040003,V9R0Z0ZLT0-R003,V9R0Z0ZLT0,33.0,75.95,10.0,30.303030303030305,39.96666666666667,0.5262233925828396,0.0,0.0,0.0,0,6,2,38.395780783221696,-11.111111111111116,-4.675243175400068,2,1.0,complete_pair,75.95,1.0,1.0,1.0,1.0,0,0
250721020004,XYK9DYX172-R001,XYK9DYX172,93.0,81.4,15.0,16.129032258064516,2.7,0.033169533169533166,51.416666666666664,0.6316543816543817,0.0,0,8,4,38.48053034879373,3.4482758620689724,5.69140878597707,3,0.6666666666666666,chain_connected,81.4,1.0,1.0,1.0,1.0,0,0
250731020003,XYK9DYX172-R001,XYK9DYX172,93.5,77.01666666666667,14.5,15.508021390374333,0.0,0.0,52.733333333333334,0.6847002813243886,0.0,0,7,4,30.810744180925234,0.0,0.0,3,0.6666666666666666,chain_connected,77.01666666666667,1.0,1.0,1.0,1.0,0,0
250911020003,XYK9DYX172-R001,XYK9DYX172,93.59999999999854,71.98333333333333,14.5,15.491452991453233,0.0,0.0,49.06666666666667,0.6816392683491549,0.0,0,8,7,34.654982910594626,0.0,-6.535381951958453,3,0.6666666666666666,chain_connected,71.98333333333333,1.0,1.0,1.0,1.0,0,0
250730230019,XYK9DYX172-R002,XYK9DYX172,98.40000000000146,78.51666666666667,15.5,15.75203252032497,0.0,0.0,49.85,0.6348970494587136,0.0,1,13,8,41.02991117012166,-3.125,3.9611607635440693,2,1.0,complete_pair,78.51666666666667,1.0,1.0,1.0,1.0,0,0
250910230007,XYK9DYX172-R002,XYK9DYX172,99.20000000000073,72.53333333333333,16.5,16.633064516128908,0.0,0.0,50.4,0.6948529411764706,0.0,2,11,7,36.79216142791255,3.125,-3.9611607635440915,2,1.0,complete_pair,72.53333333333333,1.0,1.0,1.0,1.0,0,0
250311120006,YP6LR2GGM2-R001,YP6LR2GGM2,74.0,121.93333333333334,27.5,37.16216216216216,30.133333333333333,0.24712957900492072,0.0,0.0,0.0,0,15,9,42.00784267287871,20.879120879120872,26.859719091381983,2,1.0,complete_pair,121.93333333333334,1.0,1.0,1.0,1.0,0,0
251101100004,YP6LR2GGM2-R001,YP6LR2GGM2,68.0,70.3,18.0,26.47058823529412,6.2,0.08819345661450925,0.08333333333333333,0.0011853959222380276,0.08333333333333333,2,14,4,41.25073491933792,-20.879120879120883,-26.859719091382004,2,1.0,complete_pair,70.3,1.0,1.0,1.0,1.0,0,0
250101060001,ZNUKGJO57M-R001,ZNUKGJO57M,27.0,31.016666666666666,6.5,24.074074074074073,0.0,0.0,0.0,0.0,0.0,0,1,8,35.327568860525055,-18.75,1.416893732970026,2,1.0,complete_pair,31.016666666666666,1.0,1.0,1.0,1.0,0,0
250130230002,ZNUKGJO57M-R001,ZNUKGJO57M,28.0,30.15,9.5,33.92857142857143,0.0,0.0,0.15,0.004975124378109453,0.15,0,2,6,34.885214392624825,18.75,-1.416893732970026,2,1.0,complete_pair,30.15,1.0,1.0,1.0,1.0,0,0
250711040001,ZNUKGJO57M-R002,ZNUKGJO57M,124.0,230.95,39.5,31.85483870967742,61.6,0.26672439922061053,0.0,0.0,0.0,1,4,40,34.815991471158,0.6369426751592355,0.818509221870567,2,1.0,complete_pair,230.95,1.0,1.0,1.0,1.0,0,0
250911030001,ZNUKGJO57M-R002,ZNUKGJO57M,126.0,227.2,39.0,30.952380952380953,69.56666666666666,0.3061913145539906,0.0,0.0,0.0,2,2,40,36.80482375573213,-0.6369426751592355,-0.818509221870567,2,1.0,complete_pair,227.2,1.0,1.0,1.0,1.0,0,0
250721050001,ZNUKGJO57M-R003,ZNUKGJO57M,138.0,148.83333333333334,34.5,25.0,5.683333333333334,0.038185890257558794,0.0,0.0,0.0,4,4,29,37.930358455300826,-5.47945205479452,-8.937949319329007,2,1.0,complete_pair,148.83333333333334,1.0,1.0,1.0,1.0,0,0
251111050001,ZNUKGJO57M-R003,ZNUKGJO57M,146.0,178.05,38.5,26.36986301369863,7.566666666666666,0.04249742581671815,0.0,0.0,0.0,1,5,39,37.83707424109908,5.47945205479452,8.93794931932903,2,1.0,complete_pair,178.05,1.0,1.0,1.0,1.0,0,0
